Date,Actual,Predicted,Lower_90,Upper_90
2020-12-31,13.002531051635742,13.53274154663086,12.459469689262201,14.606013403999517
2021-01-04,13.060794830322266,13.531079292297363,12.457807434928705,14.604351149666021
2021-01-05,13.350873947143556,13.534018516540527,12.46074665917187,14.607290373909185
2021-01-06,12.563802719116213,13.554015159606934,12.480743302238276,14.627287016975592
2021-01-07,13.29037094116211,13.528033256530762,12.454761399162104,14.60130511389942
2021-01-08,13.223390579223633,13.541400909423828,12.46812905205517,14.614672766792486
2021-01-11,13.56675148010254,13.553997993469238,12.48072613610058,14.627269850837896
2021-01-12,13.430553436279297,13.58466625213623,12.511394394767573,14.657938109504888
2021-01-13,13.477365493774414,13.605772018432617,12.53250016106396,14.679043875801275
2021-01-14,13.147197723388672,13.62396240234375,12.550690544975092,14.697234259712408
2021-01-15,12.807816505432127,13.620484352111816,12.547212494743158,14.693756209480474
2021-01-19,12.972899436950684,13.59350872039795,12.520236863029291,14.666780577766607
2021-01-20,13.31203269958496,13.57437801361084,12.501106156242182,14.647649870979498
2021-01-21,13.81176471710205,13.578792572021484,12.505520714652826,14.652064429390142
2021-01-22,13.65738582611084,13.614075660705566,12.540803803336908,14.687347518074224
2021-01-25,13.59837532043457,13.641033172607422,12.567761315238764,14.71430502997608
2021-01-26,13.381253242492676,13.659943580627441,12.586671723258783,14.7332154379961
2021-01-27,12.86583423614502,13.662616729736328,12.58934487236767,14.735888587104986
2021-01-28,12.998546600341797,13.633405685424805,12.560133828056147,14.706677542793463
2021-01-29,12.937543869018556,13.608465194702148,12.53519333733349,14.681737052070806
2021-02-01,13.183798789978027,13.583245277404785,12.509973420036127,14.656517134773443
2021-02-02,13.50226593017578,13.576859474182129,12.503587616813471,14.650131331550787
2021-02-03,13.476120948791504,13.592927932739258,12.5196560753706,14.666199790107916
2021-02-04,13.609332084655762,13.610335350036621,12.537063492667963,14.683607207405279
2021-02-05,13.536375999450684,13.632735252380371,12.559463395011713,14.706007109749029
2021-02-08,14.380720138549805,13.648374557495117,12.57510270012646,14.721646414863775
2021-02-09,14.205923080444336,13.701554298400879,12.628282441032221,14.774826155769537
2021-02-10,14.70490837097168,13.742961883544922,12.669690026176264,14.81623374091358
2021-02-11,15.189456939697266,13.795808792114258,12.7225369347456,14.869080649482916
2021-02-12,14.90112018585205,13.857460021972656,12.784188164603998,14.930731879341314
2021-02-16,15.268634796142578,13.897139549255371,12.823867691886713,14.970411406624029
2021-02-17,14.84609031677246,13.935425758361816,12.862153900993158,15.008697615730474
2021-02-18,14.769399642944336,13.952195167541504,12.878923310172846,15.025467024910162
2021-02-19,14.866507530212402,13.957985877990723,12.884714020622065,15.03125773535938
2021-02-22,14.298052787780762,13.962124824523926,12.888852967155268,15.035396681892584
2021-02-23,14.085160255432127,13.947046279907227,12.873774422538569,15.020318137275884
2021-02-24,14.440726280212402,13.921588897705078,12.84831704033642,14.994860755073736
2021-02-25,13.25401496887207,13.909002304077148,12.83573044670849,14.982274161445806
2021-02-26,13.659381866455078,13.856390953063965,12.783119095695307,14.929662810432623
2021-03-01,13.786118507385254,13.817208290100098,12.74393643273144,14.890480147468756
2021-03-02,13.35236930847168,13.792438507080078,12.71916664971142,14.865710364448736
2021-03-03,12.753283500671388,13.755437850952148,12.68216599358349,14.828709708320806
2021-03-04,12.32053279876709,13.692325592041016,12.619053734672358,14.765597449409674
2021-03-05,12.411415100097656,13.608258247375488,12.53498639000683,14.681530104744146
2021-03-08,11.54665470123291,13.535675048828125,12.462403191459467,14.608946906196783
2021-03-09,12.474233627319336,13.417240142822266,12.343968285453608,14.490512000190924
2021-03-10,12.422426223754885,13.375160217285156,12.301888359916498,14.448432074653814
2021-03-11,12.945744514465332,13.350537300109863,12.277265442741205,14.423809157478521
2021-03-12,12.80875015258789,13.374222755432129,12.300950898063471,14.447494612800787
2021-03-15,13.142766952514648,13.394716262817383,12.321444405448725,14.46798812018604
2021-03-16,13.24240016937256,13.435805320739746,12.362533463371088,14.509077178108404
2021-03-17,13.292218208312988,13.478755950927734,12.405484093559076,14.552027808296392
2021-03-18,12.675741195678713,13.517772674560547,12.444500817191889,14.591044531929205
2021-03-19,12.79853630065918,13.511244773864746,12.437972916496088,14.584516631233404
2021-03-22,13.137786865234377,13.504188537597656,12.430916680228998,14.577460394966314
2021-03-23,13.022710800170898,13.51697826385498,12.443706406486323,14.590250121223638
2021-03-24,12.596531867980955,13.523179054260254,12.449907196891596,14.596450911628912
2021-03-25,12.489177703857422,13.50179672241211,12.428524865043451,14.575068579780767
2021-03-26,12.792061805725098,13.470979690551758,12.3977078331831,14.544251547920416
2021-03-29,12.90066146850586,13.462416648864746,12.389144791496088,14.535688506233404
2021-03-30,12.824442863464355,13.466063499450684,12.392791642082026,14.539335356819342
2021-03-31,13.299190521240234,13.466958999633789,12.393687142265131,14.540230857002447
2021-04-01,13.760987281799316,13.498063087463379,12.424791230094721,14.571334944832037
2021-04-05,13.936090469360352,12.858814239501953,11.762068776368526,13.95555970263538
2021-04-06,13.810551643371582,12.889528274536133,11.792782811402706,13.98627373766956
2021-04-07,14.09151840209961,12.90400505065918,11.807259587525753,14.000750513792607
2021-04-08,14.26438045501709,12.92117977142334,11.824434308289913,14.017925234556767
2021-04-09,14.347075462341309,12.936649322509766,11.839903859376339,14.033394785643193
2021-04-12,15.153100967407228,12.946840286254883,11.850094823121456,14.04358574938831
2021-04-13,15.621872901916504,12.97438907623291,11.877643613099483,14.071134539366337
2021-04-14,15.220852851867676,13.001764297485352,11.905018834351925,14.098509760618779
2021-04-15,16.07794189453125,13.006750106811523,11.910004643678096,14.10349556994495
2021-04-16,15.85401725769043,13.025964736938477,11.92921927380505,14.122710200071904
2021-04-19,15.305290222167969,13.030840873718262,11.934095410584835,14.127586336851689
2021-04-20,15.115489959716797,13.020536422729492,11.923790959596065,14.11728188586292
2021-04-21,15.304043769836426,13.008626937866211,11.911881474732784,14.105372400999638
2021-04-22,14.79567050933838,13.004974365234375,11.908228902100948,14.101719828367802
2021-04-23,15.209146499633787,12.991934776306152,11.895189313172725,14.08868023943958
2021-04-26,15.421112060546877,12.993379592895508,11.89663412976208,14.090125056028935
2021-04-27,15.325218200683594,12.999582290649414,11.902836827515987,14.096327753782841
2021-04-28,15.22060203552246,13.002039909362793,11.905294446229366,14.09878537249622
2021-04-29,15.268424034118652,13.001219749450684,11.904474286317257,14.09796521258411
2021-04-30,14.954333305358888,13.00131607055664,11.904570607423214,14.098061533690068
2021-05-03,14.782220840454102,12.994725227355957,11.89797976422253,14.091470690489384
2021-05-04,14.298504829406738,12.98634147644043,11.889596013307003,14.083086939573857
2021-05-05,14.405362129211426,12.96982479095459,11.873079327821163,14.066570254088017
2021-05-06,14.469624519348145,12.9618558883667,11.865110425233272,14.058601351500126
2021-05-07,14.757810592651367,12.959453582763672,11.862708119630245,14.056199045897099
2021-05-10,14.213319778442385,12.966252326965332,11.869506863831905,14.062997790098759
2021-05-11,14.253671646118164,12.957466125488281,11.860720662354854,14.054211588621708
2021-05-12,13.707930564880373,12.952723503112793,11.855978039979366,14.04946896624622
2021-05-13,13.615023612976074,12.93506145477295,11.838315991639522,14.031806917906376
2021-05-14,14.19065284729004,12.920171737670898,11.823426274537471,14.016917200804325
2021-05-17,14.11343765258789,12.927227020263672,11.830481557130245,14.023972483397099
2021-05-18,13.964240074157717,12.93185806274414,11.835112599610714,14.028603525877568
2021-05-19,14.014056205749512,12.9307279586792,11.833982495545772,14.027473421812626
2021-05-20,14.558797836303713,12.931297302246094,11.834551839112667,14.02804276537952
2021-05-21,14.936650276184082,12.947134971618652,11.850389508485225,14.04388043475208
2021-05-24,15.554620742797852,12.967962265014648,11.871216801881221,14.064707728148075
2021-05-25,15.590238571166992,12.995577812194824,11.898832349061397,14.092323275328251
2021-05-26,15.642297744750977,13.011370658874512,11.914625195741085,14.108116122007939
2021-05-27,15.43107795715332,13.01960277557373,11.922857312440303,14.116348238707157
2021-05-28,16.184797286987305,13.017862319946289,11.921116856812862,14.114607783079716
2021-06-01,16.20472526550293,13.030661582946777,11.93391611981335,14.127407046080204
2021-06-02,16.716588973999023,13.037667274475098,11.94092181134167,14.134412737608525
2021-06-03,16.907381057739258,13.049858093261719,11.953112630128292,14.146603556395146
2021-06-04,17.513643264770508,13.058622360229492,11.961876897096065,14.15536782336292
2021-06-07,17.554243087768555,13.071843147277832,11.975097684144405,14.168588610411259
2021-06-08,17.392841339111328,13.077791213989258,11.98104575085583,14.174536677122685
2021-06-09,17.298410415649414,13.076427459716797,11.97968199658337,14.173172922850224
2021-06-10,17.36493492126465,13.072957038879395,11.976211575745968,14.169702502012822
2021-06-11,17.76380729675293,13.070914268493652,11.974168805360225,14.16765973162708
2021-06-14,17.95663833618164,13.075264930725098,11.97851946759167,14.172010393858525
2021-06-15,17.727184295654297,13.079988479614258,11.98324301648083,14.176733942747685
2021-06-16,17.74886131286621,13.078635215759277,11.98188975262585,14.175380678892704
2021-06-17,18.592937469482425,13.077367782592773,11.980622319459346,14.1741132457262
2021-06-18,18.57450294494629,13.088103294372559,11.991357831239132,14.184848757505986
2021-06-21,18.36372947692871,13.09296703338623,11.996221570252803,14.189712496519657
2021-06-22,18.821651458740234,13.091835975646973,11.995090512513546,14.1885814387804
2021-06-23,18.99156379699707,13.096138000488281,11.999392537354854,14.192883463621708
2021-06-24,19.139301300048828,13.101716995239258,12.00497153210583,14.198462458372685
2021-06-25,18.96539688110352,13.106276512145996,12.009531049012569,14.203021975279423
2021-06-28,19.916109085083008,13.106197357177734,12.009451894044307,14.202942820311161
2021-06-29,19.95771789550781,13.117645263671875,12.020899800538448,14.214390726805302
2021-06-30,19.93355369567871,13.124717712402344,12.027972249268917,14.22146317553577
2021-07-01,20.14233016967773,13.127601623535156,12.03085616040173,14.224347086668583
2021-07-02,20.416379928588867,15.615425109863281,12.69111766348795,18.53973255623861
2021-07-06,20.62715530395508,15.647514343261719,12.723206896886387,18.57182178963705
2021-07-07,20.301532745361328,15.67931079864502,12.755003352269688,18.60361824502035
2021-07-08,19.83414649963379,15.697096824645996,12.772789378270664,18.621404271021326
2021-07-09,19.98113250732422,15.694365501403809,12.770058055028477,18.61867294777914
2021-07-12,20.441797256469727,15.686483383178711,12.762175936803379,18.61079082955404
2021-07-13,20.180198669433597,15.690402030944824,12.766094584569492,18.614709477320154
2021-07-14,19.773103713989254,15.693074226379395,12.768766780004063,18.617381672754725
2021-07-15,18.90087509155273,15.683671951293945,12.759364504918613,18.607979397669276
2021-07-16,18.098403930664062,15.646788597106934,12.722481150731602,18.571096043482264
2021-07-19,18.71501922607422,15.57590389251709,12.651596446141758,18.50021133889242
2021-07-20,18.54784393310547,15.521220207214355,12.596912760839023,18.445527653589686
2021-07-21,19.343093872070312,15.479154586791992,12.55484714041666,18.403462033167322
2021-07-22,19.52645874023437,15.477919578552246,12.553612132176914,18.402227024927576
2021-07-23,19.490583419799805,15.49914836883545,12.574840922460117,18.42345581521078
2021-07-26,19.22749710083008,15.52303695678711,12.598729510411777,18.44734440316244
2021-07-27,19.14179039001465,15.534801483154297,12.610494036778965,18.459108929529627
2021-07-28,19.43577003479004,15.535945892333984,12.611638445958652,18.460253338709315
2021-07-29,19.59422874450684,15.542360305786133,12.6180528594108,18.466667752161463
2021-07-30,19.431787490844727,15.555179595947266,12.630872149571934,18.479487042322596
2021-08-02,19.681922912597656,15.56339168548584,12.639084239110508,18.48769913186117
2021-08-03,19.746700286865234,15.575682640075684,12.651375193700352,18.499990086451014
2021-08-04,20.204120635986328,15.589019775390625,12.664712329015293,18.513327221765955
2021-08-05,20.56586265563965,15.613773345947266,12.689465899571934,18.538080792322596
2021-08-06,20.295799255371094,15.647950172424316,12.723642726048984,18.572257618799647
2021-08-09,20.22504425048828,15.672636032104492,12.74832858572916,18.596943478479822
2021-08-10,19.867280960083008,15.686250686645508,12.761943240270176,18.610558133020838
2021-08-11,19.631101608276367,15.684582710266113,12.760275263890781,18.608890156641444
2021-08-12,19.836389541625977,15.670378684997559,12.746071238622227,18.59468613137289
2021-08-13,20.118406295776367,15.65849781036377,12.734190363988438,18.5828052567391
2021-08-16,19.8812313079834,15.658390998840332,12.734083552465,18.582698445215662
2021-08-17,19.390928268432617,15.65726089477539,12.732953448400059,18.58156834115072
2021-08-18,18.974369049072266,15.64143180847168,12.717124362096348,18.56573925484701
2021-08-19,19.72975730895996,15.609457015991211,12.685149569615879,18.53376446236654
2021-08-20,20.744251251220703,15.598123550415039,12.673816104039707,18.52243099679037
2021-08-23,21.882312774658203,15.627280235290527,12.702972788915195,18.551587681665858
2021-08-24,21.717878341674805,15.693519592285156,12.769212145909824,18.617827038660486
2021-08-25,22.13642883300781,15.755385398864746,12.831077952489414,18.679692845240076
2021-08-26,21.99193572998047,15.808403968811035,12.884096522435703,18.732711415186365
2021-08-27,22.557971954345703,15.846333503723145,12.922026057347813,18.770640950098475
2021-08-30,22.60979461669922,15.878952026367188,12.954644579991855,18.803259472742518
2021-08-31,22.311771392822266,15.905662536621094,12.981355090245762,18.829969982996424
2021-09-01,22.367589950561523,15.921361923217773,12.997054476842441,18.845669369593104
2021-09-02,22.322738647460938,15.92928695678711,13.004979510411777,18.85359440316244
2021-09-03,22.76827812194824,15.933061599731445,13.008754153356113,18.857369046106776
2021-09-07,22.58786392211914,15.940017700195312,13.01571025381998,18.864325146570643
2021-09-08,22.265928268432617,15.945964813232422,13.02165736685709,18.870272259607752
2021-09-09,22.104454040527344,15.945777893066406,13.021470446691074,18.870085339441736
2021-09-10,22.404468536376957,15.940455436706543,13.016147990331211,18.864762883081873
2021-09-13,22.079538345336918,15.93731689453125,13.013009448155918,18.86162434090658
2021-09-14,22.16924476623535,15.932489395141602,13.00818194876627,18.856796841516932
2021-09-15,22.26791763305664,15.928135871887207,13.003828425511875,18.852443318262537
2021-09-16,22.16924476623535,15.926159858703613,13.001852412328281,18.850467305078944
2021-09-17,21.82835960388184,15.925139427185059,13.000831980809727,18.84944687356039
2021-09-20,21.04393196105957,15.919160842895508,12.994853396520176,18.843468289270838
2021-09-21,21.176496505737305,15.899453163146973,12.97514571677164,18.823760609522303
2021-09-22,21.869224548339844,15.877508163452148,12.953200717076816,18.80181560982748
2021-09-23,22.4084529876709,15.870121955871582,12.94581450949625,18.794429402246912
2021-09-24,22.008769989013672,15.880491256713867,12.956183810338535,18.804798703089197
2021-09-27,21.589147567749023,15.890992164611816,12.966684718236484,18.815299610987147
2021-09-28,20.631288528442383,15.891264915466309,12.966957469090977,18.81557236184164
2021-09-29,20.44988250732422,15.871410369873047,12.947102923497715,18.795717816248377
2021-09-30,20.64823341369629,15.83935832977295,12.915050883397617,18.76366577614828
2021-10-01,20.674148559570312,21.262208938598633,19.341847098128394,23.18257077906887
2021-10-04,19.667449951171875,21.23246955871582,19.31210771824558,23.15283139918606
2021-10-05,20.38409805297852,21.16908073425293,19.24871889378269,23.08944257472317
2021-10-06,20.63228416442871,21.13627815246582,19.21591631199558,23.05663999293606
2021-10-07,21.00605773925781,21.124359130859375,19.203997290389136,23.044720971329614
2021-10-08,20.762853622436523,21.134801864624023,19.214440024153784,23.055163705094262
2021-10-11,20.62730026245117,21.140399932861328,19.22003809239109,23.060761773331567
2021-10-12,20.603382110595703,21.139596939086914,19.219235098616675,23.059958779557153
2021-10-13,20.870500564575195,21.137155532836914,19.216793692366675,23.057517373307153
2021-10-14,21.674863815307617,21.145347595214844,19.224985754744605,23.065709435685083
2021-10-15,21.79048728942871,21.184764862060547,19.264403021590308,23.105126702530786
2021-10-18,22.149303436279297,21.22624397277832,19.30588213230808,23.14660581324856
2021-10-19,22.21708297729492,21.27239990234375,19.35203806187351,23.19276174281399
2021-10-20,22.03069877624512,21.31365966796875,19.39329782749851,23.23402150843899
2021-10-21,22.617773056030277,21.340858459472656,19.420496619002417,23.261220299942895
2021-10-22,22.651657104492188,21.37581443786621,19.455452597395972,23.29617627833645
2021-10-25,23.09021759033203,21.405649185180664,19.485287344710425,23.326011025650903
2021-10-26,24.636140823364254,21.438617706298828,19.51825586582859,23.358979546769067
2021-10-27,24.371013641357425,21.49529457092285,19.574932730452613,23.41565641139309
2021-10-28,24.85940742492676,21.538389205932617,19.61802736546238,23.458751046402856
2021-10-29,25.48336410522461,21.57743263244629,19.65707079197605,23.497794472916528
2021-11-01,25.74251365661621,21.615428924560547,19.695067084090308,23.535790765030786
2021-11-02,26.314638137817383,21.648536682128906,19.728174841658667,23.568898522599145
2021-11-03,26.51099395751953,21.679044723510742,19.758682883040503,23.59940656398098
2021-11-04,29.70351219177246,21.705556869506836,19.785195029036597,23.625918709977075
2021-11-05,29.654674530029297,21.74735450744629,19.82699266697605,23.667716347916528
2021-11-08,30.703237533569336,21.779781341552734,19.859419501082495,23.700143182022973
2021-11-09,30.55671119689941,21.807065963745117,19.88670412327488,23.727427804215356
2021-11-10,29.36263084411621,21.824737548828125,19.904375708357886,23.745099389298364
2021-11-11,30.290590286254883,21.830730438232422,19.910368597762183,23.75109227870266
2021-11-12,30.290590286254883,21.83160972595215,19.91124788548191,23.751971566422387
2021-11-15,29.926780700683597,21.82508087158203,19.904719031111792,23.74544271205227
2021-11-16,30.10420036315918,21.812692642211914,19.892330801741675,23.733054482682153
2021-11-17,29.16527938842773,21.79730224609375,19.87694040562351,23.71766408656399
2021-11-18,31.57138061523437,21.779720306396484,19.859358465926245,23.700082146866723
2021-11-19,32.87710189819336,21.765056610107422,19.844694769637183,23.68541845057766
2021-11-22,31.851459503173828,21.749391555786133,19.829029715315894,23.66975339625637
2021-11-23,31.642148971557617,21.73177146911621,19.811409628645972,23.65213330958645
2021-11-24,32.567115783691406,21.715167999267578,19.79480615879734,23.635529839737817
2021-11-26,31.399946212768555,21.700876235961914,19.780514395491675,23.621238076432153
2021-11-29,33.26681900024414,21.687171936035156,19.766810095564917,23.607533776505395
2021-11-30,32.56910705566406,21.67694854736328,19.756586706893042,23.59731038783352
2021-12-01,31.33600234985352,21.666872024536133,19.746510184065894,23.58723386500637
2021-12-02,32.02482986450195,21.656858444213867,19.73649660374363,23.577220284684106
2021-12-03,30.596345901489254,21.649572372436523,19.729210531966284,23.569934212906762
2021-12-06,29.942405700683597,21.64190101623535,19.721539175765113,23.56226285670559
2021-12-07,32.32487487792969,21.635324478149414,19.714962637679175,23.555686318619653
2021-12-08,31.725772857666016,21.6335506439209,19.71318880345066,23.553912484391137
2021-12-09,30.393983840942383,21.630691528320312,19.710329687850074,23.55105336879055
2021-12-10,30.102901458740234,21.62578773498535,19.705425894515113,23.54614957545559
2021-12-13,28.07231712341309,21.622404098510742,19.702042258040503,23.54276593898098
2021-12-14,28.247758865356445,21.616907119750977,19.696545279280738,23.537268960221216
2021-12-15,30.36307716369629,21.61499786376953,19.694636023299292,23.53535970423977
2021-12-16,28.297605514526367,21.619138717651367,19.69877687718113,23.539500558121606
2021-12-17,27.71344757080078,21.618650436401367,19.69828859593113,23.539012276871606
2021-12-20,27.63170623779297,21.61844253540039,19.69808069493015,23.53880437587063
2021-12-21,28.98344039916992,21.62088966369629,19.70052782322605,23.541251504166528
2021-12-22,29.30741310119629,21.628679275512695,19.708317435042456,23.549041115982934
2021-12-23,29.54665756225586,21.6356201171875,19.71525827671726,23.55598195765774
2021-12-27,30.84754753112793,21.640811920166016,19.720450079695777,23.561173760636255
2021-12-28,30.226511001586918,21.646162033081055,19.725800192610816,23.566523873551294
2021-12-29,29.906518936157227,21.64776611328125,19.72740427281101,23.56812795375149
2021-12-30,29.49282455444336,21.64781379699707,19.72745195652683,23.56817563746731
2021-12-31,29.31837654113769,27.758560180664062,21.617728638144605,33.89939172318352
2022-01-03,30.02614402770996,27.76637077331543,21.625539230795972,33.90720231583489
2022-01-04,29.1977596282959,27.76394271850586,21.623111175986402,33.90477426102532
2022-01-05,27.517070770263672,27.770793914794922,21.629962372275465,33.91162545731438
2022-01-06,28.08926010131836,27.790390014648438,21.64955847212898,33.931221557167895
2022-01-07,27.16119384765625,27.792997360229492,21.652165817710035,33.93382890274895
2022-01-10,27.31371116638184,27.79837417602539,21.657542633505933,33.93920571854485
2022-01-11,27.729398727416992,27.794483184814453,21.653651642294996,33.93531472733391
2022-01-12,27.91082763671875,27.781084060668945,21.640252518149488,33.9219156031884
2022-01-13,26.49131202697754,27.76675033569336,21.625918793173902,33.90758187821282
2022-01-14,26.85715103149414,27.768217086791992,21.627385544272535,33.90904862931145
2022-01-18,25.82142639160156,27.760875701904297,21.62004415938484,33.901707244423754
2022-01-19,24.988061904907227,27.759687423706055,21.618855881186597,33.90051896622551
2022-01-20,24.07394218444824,27.760526657104492,21.619695114585035,33.90135819962395
2022-01-21,23.30039405822754,27.76058578491211,21.619754242392652,33.90141732743157
2022-01-24,23.298397064208984,27.75642967224121,21.615598129721754,33.89726121476067
2022-01-25,22.25369644165039,27.739458084106445,21.598626541586988,33.8802896266259
2022-01-26,22.700284957885746,27.72490692138672,21.58407537886726,33.865738463906176
2022-01-27,21.874897003173828,27.695144653320312,21.554313110800855,33.83597619583977
2022-01-28,22.768075942993164,27.669649124145508,21.52881758162605,33.810480666664965
2022-01-31,24.40888786315918,27.629446029663086,21.48861448714363,33.77027757218254
2022-02-01,24.56041145324707,27.577823638916016,21.43699209639656,33.71865518143547
2022-02-02,25.162508010864254,27.542049407958984,21.401217865439527,33.68288095047844
2022-02-03,23.87257957458496,27.516067504882812,21.375235962363355,33.65689904740227
2022-02-04,24.242412567138672,27.51663589477539,21.375804352255933,33.65746743729485
2022-02-07,24.650131225585938,27.51408576965332,21.373254227133863,33.65491731217278
2022-02-08,25.028928756713867,27.508811950683594,21.367980408164136,33.64964349320305
2022-02-09,26.62090301513672,27.504600524902344,21.363768982382886,33.6454320674218
2022-02-10,25.74267196655273,27.49132537841797,21.35049383589851,33.632156920937426
2022-02-11,23.873579025268555,27.499990463256836,21.35915892073738,33.64082200577629
2022-02-14,24.190582275390625,27.52936363220215,21.38853208968269,33.670195174721606
2022-02-15,26.41156768798828,27.543960571289062,21.403129028769605,33.68479211380852
2022-02-16,26.42751121520996,27.530118942260742,21.389287399741285,33.6709504847802
2022-02-17,24.429821014404297,27.526670455932617,21.38583891341316,33.667501998452074
2022-02-18,23.56754302978516,27.549476623535156,21.4086450810157,33.69030816605461
2022-02-22,23.31633758544922,27.572715759277344,21.431884216757886,33.7135473017968
2022-02-23,22.316495895385746,27.584150314331055,21.443318771811597,33.72498185685051
2022-02-24,23.673213958740234,27.594261169433594,21.453429626914136,33.73509271195305
2022-02-25,24.080921173095703,27.576278686523438,21.43544714400398,33.717110229042895
2022-02-28,24.30820846557617,27.555341720581055,21.414510178061597,33.69617326310051
2022-03-01,23.403064727783203,27.53782081604004,21.39698927352058,33.678652358559496
2022-03-02,24.147836685180664,27.53499412536621,21.394162582846754,33.67582566788567
2022-03-03,23.64334487915039,27.5235538482666,21.382722305747144,33.66438539078606
2022-03-04,22.867664337158203,27.52049446105957,21.379662918540113,33.66132600357903
2022-03-07,21.28838539123535,27.524314880371094,21.383483337851636,33.66514642289055
2022-03-08,21.449901580810547,27.53660011291504,21.39576857039558,33.677431655434496
2022-03-09,22.945432662963867,27.532358169555664,21.391526627036207,33.67318971207512
2022-03-10,22.590490341186523,27.502887725830078,21.36205618331062,33.643719268349535
2022-03-11,22.03415870666504,27.48297882080078,21.342147278281324,33.62381036332024
2022-03-14,21.266450881958008,27.472448348999023,21.331616806479566,33.61327989151848
2022-03-15,22.90455436706543,27.468170166015625,21.327338623496168,33.60900170853508
2022-03-16,24.423019409179688,27.44108772277832,21.300256180258863,33.58191926529778
2022-03-17,24.692214965820312,27.41010284423828,21.269271301718824,33.55093438675774
2022-03-18,26.37418556213379,27.396522521972656,21.2556909794532,33.53735406449211
2022-03-21,26.65434837341309,27.38356590270996,21.242734360190504,33.52439744522942
2022-03-22,26.444969177246094,27.38861083984375,21.247779297324293,33.52944238236321
2022-03-23,25.557626724243164,27.410642623901367,21.26981108138191,33.551474166420824
2022-03-24,28.06612777709961,27.445411682128906,21.30458013960945,33.58624322464836
2022-03-25,27.6094970703125,27.45417594909668,21.313344406577222,33.59500749161614
2022-03-28,28.13492584228516,27.47679901123047,21.33596746871101,33.617630553749926
2022-03-29,28.57062530517578,27.499195098876953,21.358363556357496,33.64002664139641
2022-03-30,27.607501983642575,27.521268844604492,21.380437302085035,33.66210038712395
2022-03-31,27.20470428466797,27.554712295532227,21.41388075301277,33.695543838051684
2022-04-01,26.63241577148437,7.525794506072998,4.254211838582065,10.79737717356393
2022-04-04,27.278484344482425,7.525546073913574,4.253963406422641,10.797128741404507
2022-04-05,25.85374641418457,7.525732517242432,4.2541498497514985,10.797315184733364
2022-04-06,24.33428382873535,7.525296688079834,4.253714020588901,10.796879355570766
2022-04-07,24.13587760925293,7.524712085723877,4.253129418232944,10.79629475321481
2022-04-08,23.05011940002441,7.524503707885742,4.252921040394809,10.796086375376674
2022-04-11,21.851696014404297,7.524097919464111,4.252515251973178,10.795680586955044
2022-04-12,21.4399356842041,7.5236029624938965,4.252020295002963,10.795185629984829
2022-04-13,22.1368465423584,7.5233330726623535,4.25175040517142,10.794915740153286
2022-04-14,21.194664001464844,7.523503303527832,4.251920636036899,10.795085971018764
2022-04-18,21.718101501464844,7.523189544677734,4.251606877186801,10.794772212168667
2022-04-19,22.13186264038086,7.523348808288574,4.251766140797641,10.794931475779507
2022-04-20,21.41799736022949,7.523508071899414,4.251925404408481,10.795090739390346
2022-04-21,20.12286758422852,7.523325443267822,4.251742775776889,10.794908110758755
2022-04-22,19.45685386657715,7.522848129272461,4.251265461781528,10.794430796763393
2022-04-25,19.84270668029785,7.522550106048584,4.250967438557651,10.794132773539516
2022-04-26,18.73202514648437,7.522593975067139,4.2510113075762055,10.794176642558071
2022-04-27,18.360137939453125,7.522222518920898,4.250639851429965,10.79380518641183
2022-04-28,19.72306251525879,7.522027015686035,4.250444348195102,10.793609683176967
2022-04-29,18.49174690246582,7.522367000579834,4.250784333088901,10.793949668070766
2022-05-02,19.474803924560547,7.522092342376709,4.250509674885776,10.793675009867641
2022-05-03,19.543598175048828,7.522298812866211,4.250716145375278,10.793881480357143
2022-05-04,20.27341651916504,7.522369384765625,4.250786717274692,10.793952052256557
2022-05-05,18.78785896301269,7.522627353668213,4.25104468617728,10.794210021159145
2022-05-06,18.619361877441406,7.522220611572266,4.250637944081332,10.793803279063198
2022-05-09,16.899505615234375,7.522110939025879,4.250528271534946,10.793693606516811
2022-05-10,17.542577743530273,7.521520614624023,4.24993794713309,10.793103282114956
2022-05-11,16.58045196533203,7.52157735824585,4.249994690754916,10.793160025736782
2022-05-12,16.126811981201172,7.521246910095215,4.249664242604282,10.792829577586147
2022-05-13,17.653247833251953,7.521062850952148,4.249480183461215,10.79264551844308
2022-05-16,17.21256446838379,7.521491050720215,4.249908383229282,10.793073718211147
2022-05-17,18.12284278869629,7.521430492401123,4.24984782491019,10.793013159892055
2022-05-18,16.887535095214844,7.521708011627197,4.250125344136264,10.79329067911813
2022-05-19,17.072978973388672,7.521401405334473,4.2498187378435395,10.792984072825405
2022-05-20,16.644264221191406,7.521386623382568,4.249803955891635,10.7929692908735
2022-05-23,16.84765625,7.521252632141113,4.24966996465018,10.792835299632046
2022-05-24,16.105871200561523,7.52128791809082,4.249705250599887,10.792870585581753
2022-05-25,16.924427032470703,7.5210490226745605,4.249466355183627,10.792631690165493
2022-05-26,17.797815322875977,7.521252632141113,4.24966996465018,10.792835299632046
2022-05-27,18.754955291748047,7.521549701690674,4.249967034199741,10.793132369181606
2022-05-31,18.61637115478516,7.521945953369141,4.250363285878207,10.793528620860073
2022-06-01,18.265419006347656,7.521990776062012,4.2504081085710785,10.793573443552944
2022-06-02,19.53362464904785,7.521913528442383,4.25033086095145,10.793496195933315
2022-06-03,18.664226531982425,7.52229118347168,4.2507085159807465,10.793873850962612
2022-06-06,18.73002815246582,7.522095203399658,4.250512535908725,10.79367787089059
2022-06-07,18.86961555480957,7.522080898284912,4.250498230793979,10.793663565775844
2022-06-08,18.596370697021484,7.522122859954834,4.250540192463901,10.793705527445766
2022-06-09,17.99803352355957,7.522034645080566,4.250451977589633,10.793617312571499
2022-06-10,16.927005767822266,7.521849155426025,4.250266487935092,10.793431822916958
2022-06-13,15.603680610656738,7.521422863006592,4.249840195515659,10.793005530497524
2022-06-14,15.792156219482422,7.520939826965332,4.249357159474399,10.792522494456264
2022-06-15,16.481246948242188,7.520884990692139,4.2493023232012055,10.792467658183071
2022-06-16,15.557806968688965,7.521072864532471,4.2494901970415375,10.792655532023403
2022-06-17,15.836034774780272,7.520788192749023,4.24920552525809,10.792370860239956
2022-06-21,16.5201358795166,7.520835876464844,4.249253208973911,10.792418543955776
2022-06-22,16.31471061706543,7.521041393280029,4.249458725789096,10.792624060770962
2022-06-23,16.18008041381836,7.521030426025391,4.249447758534457,10.792613093516323
2022-06-24,17.078582763671875,7.520998477935791,4.249415810444858,10.792581145426723
2022-06-27,16.822294235229492,7.521275997161865,4.249693329670932,10.792858664652798
2022-06-28,15.937753677368164,7.521252632141113,4.24966996465018,10.792835299632046
2022-06-29,15.49897003173828,7.520970821380615,4.249388153889682,10.792553488871548
2022-06-30,15.117030143737791,7.520781517028809,4.249198849537875,10.792364184519741
2022-07-01,14.48279094696045,7.520616054534912,4.249033387043979,10.792198722025844
2022-07-05,14.922571182250977,17.507762908935547,13.791346847098586,21.22417897077251
2022-07-06,15.088109970092772,17.221721649169922,13.50530558733296,20.938137711006885
2022-07-07,15.814095497131348,17.028059005737305,13.311642943900344,20.744475067574268
2022-07-08,15.794151306152344,17.06616973876953,13.34975367693257,20.782585800606494
2022-07-11,15.110050201416016,17.164806365966797,13.448390304129836,20.88122242780376
2022-07-12,15.04024600982666,17.12525177001953,13.40883570818257,20.841667831856494
2022-07-13,15.12201690673828,17.049190521240234,13.332774459403273,20.765606583077197
2022-07-14,15.32944107055664,16.985502243041992,13.269086181205031,20.701918304878955
2022-07-15,15.718361854553224,16.981441497802734,13.265025435965773,20.697857559639697
2022-07-18,16.056419372558594,17.085168838500977,13.368752776664016,20.80158490033794
2022-07-19,16.94495964050293,17.281187057495117,13.564770995658156,20.99760311933208
2022-07-20,17.757699966430664,17.66169548034668,13.945279418509719,21.378111542183643
2022-07-21,18.000024795532227,18.167516708374023,14.451100646537062,21.883932770210986
2022-07-22,17.27105140686035,18.629642486572266,14.913226424735305,22.34605854840923
2022-07-25,16.97686767578125,18.857810974121094,15.141394912284133,22.574227035958057
2022-07-26,16.48723030090332,18.932783126831055,15.216367064994094,22.649199188668018
2022-07-27,17.740745544433594,18.866886138916016,15.150470077079055,22.58330220075298
2022-07-28,17.9342098236084,18.96885871887207,15.25244265703511,22.685274780709033
2022-07-29,18.11271095275879,19.11003875732422,15.393622695487258,22.82645481916118
2022-08-01,18.38994598388672,19.26131820678711,15.544902144950148,22.977734268624072
2022-08-02,18.47471046447754,19.427968978881836,15.711552917044875,23.1443850407188
2022-08-03,18.8406925201416,19.57745361328125,15.861037551444289,23.293869675118213
2022-08-04,19.161800384521484,19.746545791625977,16.030129729789014,23.46296185346294
2022-08-05,18.936426162719727,19.92873191833496,16.212315856497998,23.645147980171924
2022-08-08,17.743738174438477,20.049419403076172,16.33300334123921,23.765835464913135
2022-08-09,17.0387020111084,19.971437454223633,16.25502139238667,23.687853516060596
2022-08-10,18.046897888183597,19.749162673950195,16.032746612113232,23.465578735787158
2022-08-11,17.892324447631836,19.662010192871094,15.945594131034133,23.378426254708057
2022-08-12,18.657203674316406,19.595956802368164,15.879540740531203,23.312372864205127
2022-08-15,18.979307174682617,19.6614933013916,15.94507723955464,23.377909363228564
2022-08-16,18.82673072814941,19.794422149658203,16.07800608782124,23.510838211495166
2022-08-17,18.284238815307617,19.9040584564209,16.187642394583936,23.62047451825786
2022-08-18,18.721027374267575,19.918304443359375,16.201888381522412,23.634720505196338
2022-08-19,17.79958152770996,19.965496063232422,16.24908000139546,23.681912125069385
2022-08-22,16.98684310913086,19.879961013793945,16.163544951956982,23.596377075630908
2022-08-23,17.13343048095703,19.657732009887695,15.941315948050734,23.374148071724658
2022-08-24,17.174318313598633,19.451982498168945,15.735566436331984,23.168398560005908
2022-08-25,17.863407135009766,19.2871150970459,15.570699035208937,23.00353115888286
2022-08-26,16.21497917175293,19.26922035217285,15.55280429033589,22.985636414009814
2022-08-29,15.75725269317627,19.038301467895508,15.321885406058547,22.75471752973247
2022-08-30,15.425176620483398,18.72869873046875,15.012282668631789,22.445114792305713
2022-08-31,15.05221176147461,18.3862247467041,14.66980868486714,22.102640808541064
2022-09-01,13.898414611816406,18.013416290283203,14.297000228446242,21.729832352120166
2022-09-02,13.609217643737791,17.43856430053711,13.722148238700148,21.154980362374072
2022-09-06,13.427720069885254,16.77924156188965,13.062825500052687,20.49565762372661
2022-09-07,13.680095672607422,16.084226608276367,12.367810546439406,19.80064267011333
2022-09-08,13.955413818359377,15.527542114257812,11.811126052420851,19.243958176094775
2022-09-09,14.351432800292969,15.193492889404297,11.477076827567336,18.90990895124126
2022-09-12,14.469141006469728,15.113509178161621,11.39709311632466,18.829925239998584
2022-09-13,13.09853744506836,15.164546966552734,11.448130904715773,18.880963028389697
2022-09-14,13.09554386138916,14.879793167114258,11.163377105277297,18.59620922895122
2022-09-15,12.897035598754885,14.574962615966797,10.858546554129836,18.29137867780376
2022-09-16,13.16537094116211,14.251025199890137,10.534609138053176,17.9674412617271
2022-09-19,13.348916053771973,14.058051109313965,10.341635047477004,17.774467171150928
2022-09-20,13.143424034118652,13.984972953796387,10.268556891959426,17.70138901563335
2022-09-21,13.228217124938965,13.90020751953125,10.183791457694289,17.616623581368213
2022-09-22,12.52994441986084,13.863953590393066,10.147537528556105,17.58036965223003
2022-09-23,12.48505687713623,13.649662971496582,9.933246909659621,17.366079033333545
2022-09-26,12.197768211364746,13.43425464630127,9.717838584464308,17.150670708138232
2022-09-27,12.382312774658203,13.170626640319824,9.454210578482863,16.887042702156787
2022-09-28,12.704512596130373,13.008115768432617,9.291699706595656,16.72453183026958
2022-09-29,12.189790725708008,12.995755195617676,9.279339133780715,16.71217125745464
2022-09-30,12.108986854553224,12.864078521728516,9.147662459891555,16.58049458356548
2022-10-03,12.481067657470703,8.162352561950684,6.599863355674961,9.724841768226407
2022-10-04,13.134448051452637,8.162333488464355,6.5998442821886325,9.724822694740078
2022-10-05,13.17634391784668,8.162405967712402,6.599916761436679,9.724895173988125
2022-10-06,13.097539901733398,8.162405014038086,6.599915807762363,9.724894220313809
2022-10-07,12.046146392822266,8.162447929382324,6.599958723106601,9.724937135658047
2022-10-10,11.641149520874023,8.16246509552002,6.599975889244297,9.724954301795742
2022-10-11,11.55735683441162,8.162348747253418,6.599859540977695,9.724837953529141
2022-10-12,11.471569061279297,8.162296295166016,6.599807088890293,9.724785501441739
2022-10-13,11.930431365966797,8.162247657775879,6.599758451500156,9.724736864051602
2022-10-14,11.199244499206545,8.162271499633789,6.599782293358066,9.724760705909512
2022-10-17,11.858607292175291,8.162251472473145,6.599762266197422,9.724740678748867
2022-10-18,11.937417030334473,8.162209510803223,6.5997203045275,9.724698717078946
2022-10-19,12.021207809448242,8.162225723266602,6.599736516990879,9.724714929542325
2022-10-20,12.16385269165039,8.162245750427246,6.599756544151523,9.724734956702969
2022-10-21,12.4351806640625,8.162274360656738,6.599785154381015,9.724763566932461
2022-10-24,12.567852973937988,8.162273406982422,6.599784200706699,9.724762613258145
2022-10-25,13.228217124938965,8.162293434143066,6.599804227867343,9.72478264041879
2022-10-26,12.864116668701172,8.162376403808594,6.599887197532871,9.724865610084317
2022-10-27,13.143424034118652,8.162447929382324,6.599958723106601,9.724937135658047
2022-10-28,13.799798965454102,8.162423133850098,6.599933927574375,9.72491234012582
2022-10-31,13.463629722595217,8.162532806396484,6.600043600120761,9.725022012672207
2022-11-01,13.50951862335205,8.162538528442383,6.60004932216666,9.725027734718106
2022-11-02,13.186319351196287,8.162554740905762,6.600065534630039,9.725043947181485
2022-11-03,13.387819290161133,8.162554740905762,6.600065534630039,9.725043947181485
2022-11-04,14.121005058288574,8.162556648254395,6.600067441978672,9.725045854530117
2022-11-07,14.265644073486328,8.162542343139648,6.6000531368639255,9.725031549415371
2022-11-08,14.565899848937988,8.162607192993164,6.600117986717441,9.725096399268887
2022-11-09,13.741942405700684,8.162637710571289,6.600148504295566,9.725126916847012
2022-11-10,15.71106243133545,8.162644386291504,6.600155180015781,9.725133592567227
2022-11-11,16.286630630493164,8.162748336791992,6.600259130516269,9.725237543067715
2022-11-14,16.254711151123047,8.162825584411621,6.600336378135898,9.725314790687344
2022-11-15,16.624799728393555,8.16290283203125,6.600413625755527,9.725392038306973
2022-11-16,15.870667457580566,8.162910461425781,6.600421255150058,9.725399667701504
2022-11-17,15.638239860534668,8.162997245788574,6.600508039512851,9.725486452064297
2022-11-18,15.370904922485352,8.162971496582031,6.600482290306308,9.725460702857754
2022-11-21,15.279133796691896,8.162921905517578,6.600432699241855,9.725411111793301
2022-11-22,15.998350143432615,8.162897109985352,6.600407903709629,9.725386316261075
2022-11-23,16.478160858154297,8.16291332244873,6.6004241161730075,9.725402528724453
2022-11-25,16.229780197143555,8.16294002532959,6.600450819053867,9.725429231605313
2022-11-28,15.787872314453123,8.162996292114258,6.600507085838535,9.72548549838998
2022-11-29,15.600337028503418,8.162984848022461,6.600495641746738,9.725474054298184
2022-11-30,16.88547706604004,8.162931442260742,6.600442235985019,9.725420648536465
2022-12-01,17.097007751464844,8.162941932678223,6.6004527264025,9.725431138953946
2022-12-02,16.83858299255371,8.16304874420166,6.600559537925937,9.725537950477383
2022-12-05,16.573177337646484,8.163111686706543,6.60062248043082,9.725600892982266
2022-12-06,15.951556205749512,8.163105010986328,6.600615804710605,9.725594217262051
2022-12-07,16.084259033203125,8.163044929504395,6.600555723228672,9.725534135780117
2022-12-08,17.130937576293945,8.163005828857422,6.600516622581699,9.725495035133145
2022-12-09,16.96331024169922,8.163034439086914,6.600545232811191,9.725523645362637
2022-12-12,17.496126174926758,8.163084030151367,6.600594823875644,9.72557323642709
2022-12-13,18.031932830810547,8.16313362121582,6.600644414940097,9.725622827491543
2022-12-14,17.634815216064453,8.163171768188477,6.600682561912754,9.7256609744642
2022-12-15,16.91441535949707,8.163220405578613,6.60073119930289,9.725709611854336
2022-12-16,16.534257888793945,8.163214683532715,6.600725477256992,9.725703889808438
2022-12-19,16.21796226501465,8.163131713867188,6.6006425075914645,9.72562092014291
2022-12-20,16.049339294433594,8.163143157958984,6.600653951683261,9.725632364234707
2022-12-21,16.464418411254883,8.163029670715332,6.600540464439609,9.725518876991055
2022-12-22,15.304991722106934,8.163055419921875,6.600566213646152,9.725544626197598
2022-12-23,15.172286033630373,8.163002014160156,6.600512807884433,9.72549122043588
2022-12-27,14.089694023132324,8.162964820861816,6.600475614586093,9.72545402713754
2022-12-28,14.004881858825684,8.162854194641113,6.60036498836539,9.725343400916836
2022-12-29,14.570624351501465,8.162786483764648,6.6002972774889255,9.725275690040371
2022-12-30,14.581600189208984,8.162741661071777,6.600252454796054,9.7252308673475
2023-01-03,14.283263206481934,8.073869705200195,4.961360288277172,11.186379122123219
2023-01-04,14.716300010681152,8.073869705200195,4.961360288277172,11.186379122123219
2023-01-05,14.233376502990724,8.073869705200195,4.961360288277172,11.186379122123219
2023-01-06,14.826057434082031,8.073869705200195,4.961360288277172,11.186379122123219
2023-01-09,15.593350410461426,8.073869705200195,4.961360288277172,11.186379122123219
2023-01-10,15.873730659484863,8.073869705200195,4.961360288277172,11.186379122123219
2023-01-11,15.965523719787598,8.073869705200195,4.961360288277172,11.186379122123219
2023-01-12,16.474393844604492,8.073869705200195,4.961360288277172,11.186379122123219
2023-01-13,16.861530303955078,8.073869705200195,4.961360288277172,11.186379122123219
2023-01-17,17.662752151489258,8.073869705200195,4.961360288277172,11.186379122123219
2023-01-18,17.338476181030273,8.073869705200195,4.961360288277172,11.186379122123219
2023-01-19,16.727827072143555,8.073869705200195,4.961360288277172,11.186379122123219
2023-01-20,17.799448013305664,8.073869705200195,4.961360288277172,11.186379122123219
2023-01-23,19.150449752807617,8.073869705200195,4.961360288277172,11.186379122123219
2023-01-24,19.222286224365234,8.073869705200195,4.961360288277172,11.186379122123219
2023-01-25,19.280160903930664,8.073869705200195,4.961360288277172,11.186379122123219
2023-01-26,19.75809669494629,8.073869705200195,4.961360288277172,11.186379122123219
2023-01-27,20.319849014282227,8.073869705200195,4.961360288277172,11.186379122123219
2023-01-30,19.11952018737793,8.073869705200195,4.961360288277172,11.186379122123219
2023-01-31,19.49368476867676,8.073869705200195,4.961360288277172,11.186379122123219
2023-02-01,20.89657020568848,8.073869705200195,4.961360288277172,11.186379122123219
2023-02-02,21.660869598388672,8.073869705200195,4.961360288277172,11.186379122123219
2023-02-03,21.053220748901367,8.073869705200195,4.961360288277172,11.186379122123219
2023-02-06,21.0422420501709,8.073869705200195,4.961360288277172,11.186379122123219
2023-02-07,22.12384605407715,8.073869705200195,4.961360288277172,11.186379122123219
2023-02-08,22.155771255493164,8.073869705200195,4.961360288277172,11.186379122123219
2023-02-09,22.287477493286133,8.073869705200195,4.961360288277172,11.186379122123219
2023-02-10,21.217851638793945,8.073869705200195,4.961360288277172,11.186379122123219
2023-02-13,21.739694595336918,8.073869705200195,4.961360288277172,11.186379122123219
2023-02-14,22.92007064819336,8.073869705200195,4.961360288277172,11.186379122123219
2023-02-15,22.713531494140625,8.073869705200195,4.961360288277172,11.186379122123219
2023-02-16,21.953222274780277,8.073869705200195,4.961360288277172,11.186379122123219
2023-02-17,21.340579986572266,8.073869705200195,4.961360288277172,11.186379122123219
2023-02-21,20.609209060668945,8.073869705200195,4.961360288277172,11.186379122123219
2023-02-22,20.707988739013672,8.073869705200195,4.961360288277172,11.186379122123219
2023-02-23,23.61153221130371,8.073869705200195,4.961360288277172,11.186379122123219
2023-02-24,23.23437118530273,8.073869705200195,4.961360288277172,11.186379122123219
2023-02-27,23.44889640808105,8.073869705200195,4.961360288277172,11.186379122123219
2023-02-28,23.164527893066406,8.073869705200195,4.961360288277172,11.186379122123219
2023-03-01,22.647674560546875,8.073869705200195,4.961360288277172,11.186379122123219
2023-03-02,23.26231002807617,8.073869705200195,4.961360288277172,11.186379122123219
2023-03-03,23.837038040161133,8.073869705200195,4.961360288277172,11.186379122123219
2023-03-06,23.50177955627441,8.073869705200195,4.961360288277172,11.186379122123219
2023-03-07,23.240314483642575,8.073869705200195,4.961360288277172,11.186379122123219
2023-03-08,24.13148307800293,8.073869705200195,4.961360288277172,11.186379122123219
2023-03-09,23.38801383972168,8.073869705200195,4.961360288277172,11.186379122123219
2023-03-10,22.91797637939453,8.073869705200195,4.961360288277172,11.186379122123219
2023-03-13,22.918975830078125,8.073869705200195,4.961360288277172,11.186379122123219
2023-03-14,24.013731002807617,8.073869705200195,4.961360288277172,11.186379122123219
2023-03-15,24.17839241027832,8.073869705200195,4.961360288277172,11.186379122123219
2023-03-16,25.48870277404785,8.073869705200195,4.961360288277172,11.186379122123219
2023-03-17,25.672325134277344,8.073869705200195,4.961360288277172,11.186379122123219
2023-03-20,25.84696388244629,8.073869705200195,4.961360288277172,11.186379122123219
2023-03-21,26.145353317260746,8.073869705200195,4.961360288277172,11.186379122123219
2023-03-22,26.41380500793457,8.073869705200195,4.961360288277172,11.186379122123219
2023-03-23,27.13532257080078,8.073869705200195,4.961360288277172,11.186379122123219
2023-03-24,26.724166870117188,8.073869705200195,4.961360288277172,11.186379122123219
2023-03-27,26.47667694091797,8.073869705200195,4.961360288277172,11.186379122123219
2023-03-28,26.35592269897461,8.073869705200195,4.961360288277172,11.186379122123219
2023-03-29,26.92874526977539,8.073869705200195,4.961360288277172,11.186379122123219
2023-03-30,27.326929092407227,8.073869705200195,4.961360288277172,11.186379122123219
2023-03-31,27.720125198364254,8.073869705200195,4.961360288277172,11.186379122123219
2023-04-03,27.907739639282227,8.073869705200195,4.961360288277172,11.186379122123219
2023-04-04,27.396785736083984,26.4595947265625,20.909483953889442,32.00970549923556
2023-04-05,26.82595634460449,26.54880142211914,20.998690649446083,32.0989121947922
2023-04-06,26.981639862060547,26.56926727294922,21.01915650027616,32.11937804562228
2023-04-10,27.52252960205078,26.56969451904297,21.01958374636991,32.11980529171603
2023-04-11,27.11337280273437,26.596431732177734,21.046320959504676,32.14654250485079
2023-04-12,26.440753936767575,26.6016845703125,21.051573797639442,32.15179534298556
2023-04-13,26.408811569213867,26.552778244018555,21.002667471345497,32.10288901669161
2023-04-14,26.703208923339844,26.484073638916016,20.933962866242958,32.034184411589074
2023-04-17,26.946712493896484,26.435604095458984,20.885493322785926,31.985714868132042
2023-04-18,27.6103515625,26.41802406311035,20.867913290437293,31.96813483578341
2023-04-19,27.873809814453125,26.46503448486328,20.914923712190223,32.01514525753634
2023-04-20,27.04850006103516,26.548892974853516,20.998782202180458,32.099003747526574
2023-04-21,27.06347274780273,26.580293655395508,21.03018288272245,32.130404428068566
2023-04-24,26.98662757873535,26.590574264526367,21.04046349185331,32.140685037199425
2023-04-25,26.1872673034668,26.584148406982422,21.034037634309364,32.13425917965548
2023-04-26,26.90080070495605,26.512948989868164,20.962838217195106,32.06305976254122
2023-04-27,27.17025375366211,26.4764347076416,20.926323934968543,32.02654548031466
2023-04-28,27.69218635559082,26.475440979003906,20.925330206330848,32.025551751676964
2023-05-01,28.85080337524414,26.526493072509766,20.976382299836708,32.076603845182824
2023-05-02,28.152238845825195,26.665740966796875,21.115630194123817,32.21585173946993
2023-05-03,27.745073318481445,26.773345947265625,21.223235174592567,32.32345671993868
2023-05-04,27.505565643310547,26.833358764648438,21.28324799197538,32.383469537321496
2023-05-05,28.621273040771484,26.8519287109375,21.301817938264442,32.40203948361056
2023-05-08,29.09130859375,26.916210174560547,21.36609940188749,32.466320947233605
2023-05-09,28.512496948242188,27.011398315429688,21.46128754275663,32.561509088102746
2023-05-10,28.825857162475582,27.073951721191406,21.523840948518348,32.624062493864464
2023-05-11,28.51948356628418,27.132722854614258,21.5826120819412,32.682833627287316
2023-05-12,28.281970977783203,27.16648292541504,21.61637215274198,32.7165936980881
2023-05-15,28.89371681213379,27.174076080322266,21.623965307649208,32.724186852995324
2023-05-16,29.153181076049805,27.20067596435547,21.65056519168241,32.75078673702853
2023-05-17,30.1162052154541,27.242334365844727,21.69222359317167,32.792445138517785
2023-05-18,31.61313819885254,27.32709312438965,21.77698235171659,32.87720389706271
2023-05-19,31.19998550415039,27.470787048339844,21.920676275666786,33.0208978210129
2023-05-22,31.11216354370117,27.591951370239258,22.0418405975662,33.142062142912316
2023-05-23,30.625164031982425,27.682741165161133,22.132630392488075,33.23285193783419
2023-05-24,30.47547149658203,27.73176383972168,22.18165306704862,33.28187461239474
2023-05-25,37.9022331237793,27.753887176513672,22.203776403840614,33.30399794918673
2023-05-26,38.86625289916992,27.965761184692383,22.415650412019325,33.51587195736544
2023-05-30,40.02886962890625,28.18696403503418,22.63685326236112,33.73707480770724
2023-05-31,37.75653076171875,28.377859115600586,22.827748342927528,33.927969888273644
2023-06-01,39.688568115234375,28.4910831451416,22.940972372468543,34.04119391781466
2023-06-02,39.24646759033203,28.58001136779785,23.029900595124793,34.13012214047091
2023-06-05,39.090797424316406,28.640357971191406,23.090247198518348,34.190468743864464
2023-06-06,38.57486343383789,28.677385330200195,23.127274557527137,34.22749610287325
2023-06-07,37.402137756347656,28.694305419921875,23.144194647248817,34.24441619259493
2023-06-08,38.43511962890625,28.687225341796875,23.137114569123817,34.23733611446993
2023-06-09,38.69462203979492,28.68309211730957,23.132981344636512,34.23320288998263
2023-06-12,39.405235290527344,28.685304641723633,23.135193869050575,34.23541541439669
2023-06-13,40.94224166870117,28.698272705078125,23.148161932405067,34.24838347775118
2023-06-14,42.91340255737305,28.729400634765625,23.179289862092567,34.27951140743868
2023-06-15,42.57006454467773,28.780746459960938,23.23063568728788,34.330857232633996
2023-06-16,42.60900115966797,28.826250076293945,23.276139303620887,34.376360848967
2023-06-20,43.72282409667969,28.860687255859375,23.310576483186317,34.41079802853243
2023-06-21,42.961307525634766,28.89257049560547,23.34245972293241,34.44268126827853
2023-06-22,42.94134521484375,28.91216278076172,23.36205200808866,34.46227355343478
2023-06-23,42.126930236816406,28.92269515991211,23.37258438723905,34.47280593258517
2023-06-26,40.55299377441406,28.921676635742188,23.37156586306913,34.471787408415246
2023-06-27,41.794578552246094,28.903356552124023,23.353245779450965,34.45346732479708
2023-06-28,41.037052154541016,28.88958168029785,23.339470907624793,34.43969245297091
2023-06-29,40.74263000488281,28.8763427734375,23.326232000764442,34.42645354611056
2023-06-30,42.2197494506836,28.861549377441406,23.311438604768348,34.411660150114464
2023-07-03,42.33053207397461,28.862537384033203,23.312426611360145,34.41264815670626
2023-07-05,42.23472595214844,28.87024688720703,23.320136114533973,34.42035765988009
2023-07-06,42.0211296081543,9.008237838745117,0.07775181808233,17.938723859407904
2023-07-07,42.42036056518555,9.008259773254395,0.07777375259160735,17.93874579391718
2023-07-10,42.09798812866211,9.008260726928711,0.07777470626592375,17.938746747591498
2023-07-11,42.32255172729492,9.00825023651123,0.07776421584844329,17.938736257174018
2023-07-12,43.8166389465332,9.008257865905762,0.07777184524297454,17.93874388656855
2023-07-13,45.88761138916016,9.008275985717773,0.07778996505498625,17.93876200638056
2023-07-14,45.38059997558594,9.008307456970215,0.07782143630742766,17.938793477633002
2023-07-17,46.37066650390625,9.008319854736328,0.07783383407354094,17.938805875399115
2023-07-18,47.40165710449219,9.008352279663086,0.07786625900029875,17.938838300325873
2023-07-19,46.985469818115234,9.008370399475098,0.07788437881231047,17.938856420137885
2023-07-20,45.43149948120117,9.00840950012207,0.07792347945928313,17.938895520784857
2023-07-21,44.22284698486328,9.008419036865234,0.07793301620244719,17.93890505752802
2023-07-24,44.52525329589844,9.008430480957031,0.07794446029424407,17.93891650161982
2023-07-25,45.59018707275391,9.008411407470703,0.07792538680791594,17.93889742813349
2023-07-26,45.36362457275391,9.008393287658691,0.07790726699590422,17.93887930832148
2023-07-27,45.81075668334961,9.008377075195312,0.07789105453252532,17.9388630958581
2023-07-28,46.65910720825195,9.008391380310059,0.07790535964727141,17.938877400972846
2023-07-31,46.638145446777344,9.008407592773438,0.07792157211065032,17.938893613436225
2023-08-01,46.41657257080078,9.008423805236816,0.07793778457402922,17.938909825899604
2023-08-02,44.18292999267578,9.008421897888184,0.07793587722539641,17.93890791855097
2023-08-03,44.42844772338867,9.008440017700195,0.07795399703740813,17.938926038362982
2023-08-04,44.59313201904297,9.008420944213867,0.07793492355108,17.938906964876654
2023-08-07,45.32870101928711,9.008410453796387,0.07792443313359954,17.938896474459174
2023-08-08,44.57716369628906,9.008353233337402,0.07786721267461516,17.93883925400019
2023-08-09,42.47126770019531,9.008380889892578,0.07789486922979094,17.938866910555365
2023-08-10,42.30558395385742,9.008377075195312,0.07789105453252532,17.9388630958581
2023-08-11,40.77556991577149,9.008338928222656,0.07785290755986907,17.938824948885443
2023-08-14,43.66792678833008,9.008315086364746,0.07782906570195891,17.938801107027533
2023-08-15,43.85456466674805,9.008299827575684,0.07781380691289641,17.93878584823847
2023-08-16,43.40144348144531,9.008294105529785,0.07780808486699797,17.938780126192572
2023-08-17,43.25973129272461,9.008319854736328,0.07783383407354094,17.938805875399115
2023-08-18,43.214820861816406,9.008316993713379,0.07783097305059172,17.938803014376166
2023-08-21,46.87568283081055,9.008332252502441,0.07784623183965422,17.93881827316523
2023-08-22,45.579200744628906,9.008319854736328,0.07783383407354094,17.938805875399115
2023-08-23,47.024391174316406,9.008362770080566,0.07787674941777922,17.938848790743354
2023-08-24,47.0713005065918,9.008377075195312,0.07789105453252532,17.9388630958581
2023-08-25,45.92853164672852,9.00839900970459,0.07791298904180266,17.938885030367377
2023-08-28,46.74393081665039,9.00842571258545,0.07793969192266204,17.938911733248236
2023-08-29,48.68914794921875,9.008420944213867,0.07793492355108,17.938906964876654
2023-08-30,49.168212890625,9.008419036865234,0.07793301620244719,17.93890505752802
2023-08-31,49.259037017822266,9.008442878723145,0.07795685806035735,17.93892889938593
2023-09-01,48.41468811035156,9.008482933044434,0.07799691238164641,17.93896895370722
2023-09-05,48.45360565185547,9.008520126342773,0.07803410567998625,17.93900614700556
2023-09-06,46.97336196899414,9.008519172668457,0.07803315200566985,17.939005193331244
2023-09-07,46.15489959716797,9.008516311645508,0.07803029098272063,17.939002332308295
2023-09-08,45.48714065551758,9.008504867553711,0.07801884689092375,17.938990888216498
2023-09-11,45.09387969970703,9.008477210998535,0.07799119033574797,17.938963231661322
2023-09-12,44.78644561767578,9.008454322814941,0.07796830215215422,17.93894034347773
2023-09-13,45.40030670166016,9.008424758911133,0.07793873824834563,17.93891077957392
2023-09-14,45.49612808227539,9.008419036865234,0.07793301620244719,17.93890505752802
2023-09-15,43.81825256347656,9.008419036865234,0.07793301620244719,17.93890505752802
2023-09-18,43.88413238525391,9.008419036865234,0.07793301620244719,17.93890505752802
2023-09-19,43.43896484375,9.008395195007324,0.07790917434453704,17.93888121567011
2023-09-20,42.16033935546875,9.008380889892578,0.07789486922979094,17.938866910555365
2023-09-21,40.94062042236328,9.008362770080566,0.07787674941777922,17.938848790743354
2023-09-22,41.53251647949219,9.00831127166748,0.07782525100469329,17.938797292330268
2023-09-25,42.14338302612305,9.008289337158203,0.07780331649541594,17.93877535782099
2023-09-26,41.83295822143555,9.008285522460938,0.07779950179815032,17.938771543123725
2023-09-27,42.388919830322266,9.008277893066406,0.07779187240361907,17.938763913729193
2023-09-28,43.00876235961914,9.00828742980957,0.07780140914678313,17.938773450472357
2023-09-29,43.41800308227539,9.00828742980957,0.07780140914678313,17.938773450472357
2023-10-02,44.698612213134766,9.008273124694824,0.07778710403203704,17.93875914535761
2023-10-03,43.43597030639648,9.008280754089355,0.07779473342656829,17.938766774752143
2023-10-04,43.95899200439453,37.34904861450195,34.02252537259511,40.675571856408794
2023-10-05,44.60478210449219,37.383811950683594,34.05728870877675,40.710335192590435
2023-10-06,45.67678451538086,37.430458068847656,34.103934826940815,40.7569813107545
2023-10-09,45.18869400024414,37.50355529785156,34.17703205594472,40.830078539758404
2023-10-10,45.71272277832031,37.548377990722656,34.221854748815815,40.8749012326295
2023-10-11,46.71884536743164,37.59724044799805,34.270717206091206,40.92376368990489
2023-10-12,46.85758972167969,37.66542053222656,34.33889729031972,40.991943774133404
2023-10-13,45.37635040283203,37.72784423828125,34.40132099637441,41.05436748018809
2023-10-16,46.00916290283203,37.7381706237793,34.411647381872456,41.06469386568614
2023-10-17,43.856178283691406,37.75442123413086,34.42789799222402,41.0809444760377
2023-10-18,42.11742401123047,37.70150375366211,34.37498051175527,41.02802699556895
2023-10-19,42.02259826660156,37.579811096191406,34.253287854284565,40.90633433809825
2023-10-20,41.3099365234375,37.45063400268555,34.124110760778706,40.77715724459239
2023-10-23,42.89497756958008,37.30741500854492,33.98089176663808,40.63393825045176
2023-10-24,43.581687927246094,37.26030731201172,33.93378407010488,40.58683055391856
2023-10-25,41.701202392578125,37.272281646728516,33.945758404821675,40.59880488863536
2023-10-26,40.25090789794922,37.21759796142578,33.89107471951894,40.54412120333262
2023-10-27,40.424583435058594,37.09895706176758,33.77243381986074,40.42548030367442
2023-10-30,41.0843505859375,36.997440338134766,33.670917096227925,40.32396358004161
2023-10-31,40.70405960083008,36.952003479003906,33.625480237097065,40.27852672091075
2023-11-01,42.24618148803711,36.90602111816406,33.57949787625722,40.232544360070904
2023-11-02,43.424991607666016,36.959999084472656,33.633475842565815,40.2865223263795
2023-11-03,44.92119598388672,37.072574615478516,33.746051373571675,40.39909785738536
2023-11-06,45.665809631347656,37.22820281982422,33.90167957791738,40.55472606173106
2023-11-07,45.86943435668945,37.372642517089844,34.046119275183,40.699165758996685
2023-11-08,46.48727416992188,37.48504638671875,34.15852314481191,40.81156962862559
2023-11-09,46.86258316040039,37.583946228027344,34.2574229861205,40.910469469934185
2023-11-10,48.24500274658203,37.66884994506836,34.34232670316152,40.9953731869752
2023-11-13,48.52946472167969,37.76971435546875,34.44319111356191,41.09623759737559
2023-11-14,49.56352615356445,37.86280059814453,34.53627735623769,41.18932384005137
2023-11-15,48.79696273803711,37.9669303894043,34.640407147497456,41.29345363131114
2023-11-16,49.38786315917969,38.044578552246094,34.71805531033925,41.371101794152935
2023-11-17,49.20620346069336,38.12200927734375,34.79548603543691,41.44853251925059
2023-11-20,50.31513595581055,38.18522262573242,34.85869938382558,41.51174586763926
2023-11-21,49.85099792480469,38.2621955871582,34.93567234525136,41.588718829065044
2023-11-22,48.62528610229492,38.32475280761719,34.998229565710346,41.65127604952403
2023-11-24,47.687042236328125,38.34752655029297,35.02100330838613,41.67404979219981
2023-11-27,48.15217208862305,38.32838439941406,35.00186115750722,41.654907641320904
2023-11-28,47.73194885253906,38.30512237548828,34.97859913358144,41.63164561739512
2023-11-29,48.05035018920898,38.26879119873047,34.94226795682363,41.59531444063731
2023-11-30,46.68290710449219,38.24213409423828,34.91561085233144,41.56865733614512
2023-12-01,46.67791366577149,38.1837043762207,34.85718113431386,41.510227618127544
2023-12-04,45.425254821777344,38.12495803833008,34.79843479642324,41.45148128023692
2023-12-05,46.483375549316406,38.036293029785156,34.709769787878315,41.362816271692
2023-12-06,45.42226028442383,37.983760833740234,34.65723759183339,41.310284075647075
2023-12-07,46.51332092285156,37.91628646850586,34.58976322659902,41.2428097104127
2023-12-08,47.42171478271485,37.89191436767578,34.56539112576894,41.21843760958262
2023-12-11,46.54426956176758,37.908084869384766,34.581561627477925,41.23460811129161
2023-12-12,47.57243728637695,37.908851623535156,34.582328381628315,41.235374865442
2023-12-13,48.0026741027832,37.93770980834961,34.61118656644277,41.26423305025645
2023-12-14,48.26420593261719,37.97880935668945,34.65228611478261,41.305332598596294
2023-12-15,48.80324935913086,38.02510070800781,34.69857746610097,41.351623949914654
2023-12-18,49.9881477355957,38.080535888671875,34.754012646765034,41.407059130578716
2023-12-19,49.51598358154297,38.16025924682617,34.83373600491933,41.48678248873301
2023-12-20,48.025638580322266,38.22688293457031,34.90035969266347,41.553406176477154
2023-12-21,48.90308380126953,38.2475700378418,34.921046795934956,41.57409327974864
2023-12-22,48.74336242675781,38.27172088623047,34.94519764432363,41.59824412813731
2023-12-26,49.19155883789063,38.285709381103516,34.959186139196675,41.61223262301036
2023-12-27,49.32931137084961,38.30575942993164,34.9792361880248,41.63228267183848
2023-12-28,49.43412780761719,38.32869338989258,35.00217014798574,41.65521663179942
2023-12-29,49.43412780761719,38.35272216796875,35.02619892606191,41.67924540987559
2024-01-02,48.08253860473633,38.38737106323242,35.06084782132558,41.71389430513926
2024-01-03,47.48460006713867,38.36576461791992,35.03924137601308,41.69228785982676
2024-01-04,47.91283416748047,45.730411529541016,41.75878840729354,49.702034651788495
2024-01-05,49.00988006591797,45.68505859375,41.71343547150252,49.65668171599748
2024-01-08,52.16028594970703,45.691104888916016,41.71948176666854,49.662728011163495
2024-01-09,53.04570388793945,45.80579376220703,41.83417063995955,49.77741688445451
2024-01-10,54.253562927246094,45.937896728515625,41.966273606268146,49.909519850763104
2024-01-11,54.724727630615234,46.059295654296875,42.087672532049396,50.030918776544354
2024-01-12,54.6129264831543,46.15233612060547,42.18071299835799,50.12395924285295
2024-01-16,56.28196334838867,46.2130012512207,42.241378128973224,50.18462437346818
2024-01-17,55.95354461669922,46.26778030395508,42.2961571817076,50.23940342620256
2024-01-18,57.005672454833984,46.30601501464844,42.33439189240096,50.277638136895916
2024-01-19,59.38544845581055,46.337913513183594,42.366290390936115,50.30953663543107
2024-01-22,59.548152923583984,46.3779182434082,42.406295121160724,50.34954136565568
2024-01-23,59.76676940917969,46.41215896606445,42.440535843816974,50.38378208831193
2024-01-24,61.25312805175781,46.43703079223633,42.46540766998885,50.40865391448381
2024-01-25,61.50766754150391,46.458885192871094,42.487262070623615,50.43050831511857
2024-01-26,60.92271041870117,46.476959228515625,42.505336106268146,50.448582350763104
2024-01-29,62.35416412353516,46.48743438720703,42.51581126495955,50.45905750945451
2024-01-30,62.66261291503906,46.49711227416992,42.52548915192244,50.4687353964174
2024-01-31,61.41783142089844,46.50617980957031,42.534556687322834,50.47780293181779
2024-02-01,62.9151725769043,46.510555267333984,42.538932145086505,50.48217838958146
2024-02-02,66.04261779785156,46.51426315307617,42.54264003082869,50.48588627532365
2024-02-05,69.20899200439453,46.52425003051758,42.5526269082701,50.49587315276506
2024-02-06,68.1019515991211,46.5379524230957,42.566329300848224,50.50957554534318
2024-02-07,69.97461700439453,46.54759979248047,42.57597667023299,50.51922291472795
2024-02-08,69.5174331665039,46.55251693725586,42.58089381500838,50.52414005950334
2024-02-09,72.0050277709961,46.55437088012695,42.582747757879474,50.52599400237443
2024-02-12,72.11980438232422,46.55437469482422,42.58275157257674,50.5259978170717
2024-02-13,72.0000228881836,46.55363082885742,42.58200770660994,50.5252539511049
2024-02-14,73.76888275146484,46.55152893066406,42.579905808416584,50.52315205291154
2024-02-15,72.52909088134766,46.548545837402344,42.576922715154865,50.52016895964982
2024-02-16,72.4841537475586,46.5455207824707,42.573897660223224,50.51714390471818
2024-02-20,69.32877349853516,46.542327880859375,42.570704758611896,50.513951003106854
2024-02-21,67.35228729248047,46.539737701416016,42.56811457916854,50.511360823663495
2024-02-22,78.3986587524414,46.538570404052734,42.566947281805255,50.51019352630021
2024-02-23,78.67716217041016,46.54109191894531,42.569468796697834,50.51271504119279
2024-02-26,78.9516830444336,46.54259490966797,42.57097178742049,50.51421803191545
2024-02-27,78.56134796142578,46.537628173828125,42.566005051580646,50.509251296075604
2024-02-28,77.52519989013672,46.52854537963867,42.55692225739119,50.50016850188615
2024-02-29,78.97162628173828,46.51810836791992,42.54648524567244,50.4897314901674
2024-03-01,82.13300323486328,46.50927734375,42.53765422150252,50.48090046599748
2024-03-04,85.08576965332031,46.50225830078125,42.53063517853377,50.47388142302873
2024-03-05,85.81549835205078,46.493919372558594,42.522296250311115,50.46554249480607
2024-03-06,88.54676818847656,46.481605529785156,42.50998240753768,50.453228652032635
2024-03-07,92.50892639160156,46.466575622558594,42.494952500311115,50.43819874480607
2024-03-08,87.37679290771484,46.449058532714844,42.477435410467365,50.42068165496232
2024-03-11,85.6258316040039,46.4237060546875,42.45208293244002,50.39532917693498
2024-03-12,91.75422668457033,46.401607513427734,42.429984391180255,50.37323063567521
2024-03-13,90.73099517822266,46.39105987548828,42.4194367532408,50.36268299773576
2024-03-14,87.7920913696289,46.3786735534668,42.40705043121932,50.350296675714276
2024-03-15,87.68527221679688,46.36384201049805,42.39221888825057,50.335465132745526
2024-03-18,88.30218505859375,46.35495376586914,42.38333064362166,50.32657688811662
2024-03-19,89.24357604980469,46.35154724121094,42.37992411896346,50.323170363458416
2024-03-20,90.21588134765624,46.35090637207031,42.379283249822834,50.32252949431779
2024-03-21,91.27703857421876,46.35055923461914,42.37893611237166,50.32218235686662
2024-03-22,94.12610626220705,46.348289489746094,42.376666367498615,50.31991261199357
2024-03-25,94.83789825439452,46.34469223022461,42.37306910797713,50.31631535247209
2024-03-26,92.40109252929688,46.3355598449707,42.363936722723224,50.30718296721818
2024-03-27,90.09410095214844,46.320926666259766,42.34930354401229,50.292549788507245
2024-03-28,90.19992065429688,46.30668640136719,42.33506327911971,50.278309523614666
2024-04-01,90.20689392089844,46.30080795288086,42.32918483063338,50.27243107512834
2024-04-02,89.29747009277344,46.30007553100586,42.32845240875838,50.27169865325334
2024-04-03,88.81031036376953,46.302085876464844,42.330462754217365,50.27370899871232
2024-04-04,85.75658416748047,46.30631637573242,42.33469325348494,50.2779394979799
2024-04-05,87.85597229003906,54.42485809326172,33.08895559284075,75.76076059368269
2024-04-08,86.98248291015625,54.28123092651367,32.9453284260927,75.61713342693464
2024-04-09,85.20654296875,54.14625549316406,32.81035299274309,75.48215799358503
2024-04-10,86.88864135742188,53.95425796508789,32.61835546466692,75.29016046550886
2024-04-11,90.45946502685548,53.90353775024414,32.56763524982317,75.23944025066511
2024-04-12,88.03365325927734,53.987369537353516,32.651467036932544,75.32327203777449
2024-04-15,85.85242462158203,54.03110122680664,32.69519872638567,75.36700372722761
2024-04-16,87.26399230957031,53.94248962402344,32.606587123602466,75.27839212444441
2024-04-17,83.88983917236328,53.922630310058594,32.58672780963762,75.25853281047957
2024-04-18,84.52472686767578,53.80023193359375,32.46432943317278,75.13613443401472
2024-04-19,76.06837463378906,53.70105743408203,32.36515493366106,75.036959934503
2024-04-22,79.3806381225586,53.31924819946289,31.983345699041923,74.65515069988386
2024-04-23,82.28060150146484,53.05729293823242,31.721390437811454,74.3931954386534
2024-04-24,79.53935241699219,52.974788665771484,31.638886165350517,74.31069116619246
2024-04-25,82.48926544189453,52.8322868347168,31.49638433429583,74.16818933513777
2024-04-26,87.58344268798828,52.8273811340332,31.491478633612235,74.16328363445417
2024-04-29,87.60540771484375,53.04661560058594,31.71071310016497,74.38251810100691
2024-04-30,86.25273895263672,53.261653900146484,31.925751399725517,74.59755640056746
2024-05-01,82.89754486083984,53.39153289794922,32.05563039752825,74.72743539837019
2024-05-02,85.66875457763672,53.367042541503906,32.031140041082935,74.70294504192488
2024-05-03,88.63561248779297,53.41446304321289,32.07856054279192,74.75036554363386
2024-05-06,91.9808349609375,53.564979553222656,32.229077052801685,74.90088205364363
2024-05-07,90.3975601196289,53.809730529785156,32.473828029364185,75.14563303020613
2024-05-08,90.2558135986328,54.005348205566406,32.669445705145435,75.34125070598738
2024-05-09,88.59368896484375,54.21055221557617,32.8746497151552,75.54645471599714
2024-05-10,89.72273254394531,54.27361297607422,32.93771047565325,75.60951547649519
2024-05-13,90.24284362792967,54.34318923950195,33.00728673908098,75.67909173992292
2024-05-14,91.19818115234376,54.426231384277344,33.09032888385637,75.76213388469832
2024-05-15,94.46652221679688,54.541160583496094,33.20525808307512,75.87706308391707
2024-05-16,94.1959991455078,54.798274993896484,33.46237249347551,76.13417749431746
2024-05-17,92.31924438476562,55.02505874633789,33.68915624591692,76.36096124675886
2024-05-20,94.61626434326172,55.12134552001953,33.78544301959856,76.4572480204405
2024-05-21,95.22122192382812,55.270477294921875,33.934574794500904,76.60637979534285
2024-05-22,94.78595733642578,55.42926025390625,34.09335775348528,76.76516275432722
2024-05-23,103.61970520019533,55.541282653808594,34.20538015338762,76.87718515422957
2024-05-24,106.28507995605467,55.97320556640625,34.63730306598528,77.30910806682722
2024-05-28,113.70423126220705,56.48185729980469,35.145954799383716,77.81775980022566
2024-05-29,114.62664031982422,57.13534164428711,35.79943914386614,78.47124414470808
2024-05-30,110.3091049194336,57.7061767578125,36.37027425739153,79.04207925823347
2024-05-31,109.44361114501952,58.04222106933594,36.706318568914966,79.37812356975691
2024-06-03,114.80134582519533,58.2548942565918,36.918991756170826,79.59079675701277
2024-06-04,116.23585510253906,58.53833770751953,37.20243520709856,79.8742402079405
2024-06-05,122.22848510742188,58.8255615234375,37.48965902301653,80.16146402385847
2024-06-06,120.78898620605467,59.200767517089844,37.86486501666887,80.53667001751082
2024-06-07,120.6791763305664,59.50761413574219,38.171711635321216,80.84351663616316
2024-06-10,121.57960510253906,59.742767333984375,38.406864833563404,81.07866983440535
2024-06-11,120.71104431152344,59.935054779052734,38.59915227863176,81.2709572794737
2024-06-12,124.99398040771484,60.07186508178711,38.73596258136614,81.40776758220808
2024-06-13,129.396728515625,60.24119186401367,38.9052893635927,81.57709436443464
2024-06-14,131.66297912597656,60.48098373413086,39.14508123370989,81.81688623455183
2024-06-17,130.7644805908203,60.741180419921875,39.405277919500904,82.07708292034285
2024-06-18,135.35690307617188,60.95696258544922,39.62106008502825,82.29286508587019
2024-06-20,130.56478881835938,61.18601989746094,39.850117397039966,82.52192239788191
2024-06-21,126.36173248291016,61.333133697509766,39.997231197088794,82.66903619793074
2024-06-24,117.9156494140625,61.35918045043945,40.02327795001848,82.69508295086042
2024-06-25,125.88250732421876,61.2090950012207,39.87319250079973,82.54499750164167
2024-06-26,126.1920166015625,61.11460876464844,39.778706264227466,82.45051126506941
2024-06-27,123.78598022460938,61.08531188964844,39.749409389227466,82.42121439006941
2024-06-28,123.33672332763672,61.03485107421875,39.69894857379778,82.37075357463972
2024-07-01,124.095458984375,60.97477340698242,39.63887090656145,82.3106759074034
2024-07-02,122.4681396484375,60.93197250366211,39.59607000324114,82.26787500408308
2024-07-03,128.0689239501953,60.87612533569336,39.54022283527239,82.21202783611433
2024-07-05,125.6229476928711,60.912567138671875,39.576664638250904,82.24846963909285
2024-07-08,127.98904418945312,17.09181022644043,-7.44255088294744,41.6261713358283
2024-07-09,131.163818359375,17.091825485229492,-7.442535624158378,41.626186594617366
2024-07-10,134.68800354003906,17.091867446899414,-7.442493662488456,41.62622855628729
2024-07-11,127.19037628173828,17.091867446899414,-7.442493662488456,41.62622855628729
2024-07-12,129.02734375,17.09185028076172,-7.442510828626151,41.62621139014959
2024-07-15,128.22865295410156,17.091861724853516,-7.442499384534354,41.62622283424139
2024-07-16,126.15206909179688,17.091869354248047,-7.442491755139823,41.62623046363592
2024-07-17,117.79584503173828,17.091825485229492,-7.442535624158378,41.626186594617366
2024-07-18,120.89073944091795,17.09173011779785,-7.442630991590018,41.626091227185725
2024-07-19,117.73595428466795,17.091716766357422,-7.442644343030448,41.626077875745295
2024-07-22,123.33672332763672,17.091655731201172,-7.442705378186698,41.626016840589045
2024-07-23,122.38827514648438,17.091724395751953,-7.442636713635917,41.62608550513983
2024-07-24,114.06200408935548,17.091703414916992,-7.442657694470878,41.626064524304866
2024-07-25,112.09525299072266,17.091636657714844,-7.442724451673026,41.62599776710272
2024-07-26,112.87395477294922,17.09156036376953,-7.442800745618339,41.625921473157405
2024-07-29,111.4063720703125,17.09156608581543,-7.44279502357244,41.6259271952033
2024-07-30,103.5593032836914,17.091524124145508,-7.442836985242362,41.62588523353338
2024-07-31,116.82743072509766,17.091472625732422,-7.442888483655448,41.625833735120295
2024-08-01,109.03028869628906,17.091552734375,-7.44280837501287,41.62591384376287
2024-08-02,107.09347534179688,17.091493606567383,-7.442867502820487,41.625854715955256
2024-08-05,100.28470611572266,17.091445922851562,-7.4429151865363075,41.625807032239436
2024-08-06,104.07845306396484,17.091352462768555,-7.443008646619315,41.62571357215643
2024-08-07,98.74724578857422,17.091360092163086,-7.443001017224784,41.62572120155096
2024-08-08,104.7972640991211,17.091304779052734,-7.443056330335136,41.62566588844061
2024-08-09,104.57763671875,17.09137535095215,-7.4429857584357215,41.62573646034002
2024-08-12,108.84060668945312,17.09136962890625,-7.44299148048162,41.62573073829412
2024-08-13,115.94889831542967,17.091398239135742,-7.442962870252128,41.625759348523616
2024-08-14,117.8856964111328,17.09146499633789,-7.442896113049979,41.625826105725764
2024-08-15,122.65784454345705,17.0915470123291,-7.442814097058768,41.625908121716975
2024-08-16,124.37499237060548,17.091602325439453,-7.442758783948417,41.62596343482733
2024-08-19,129.7860870361328,17.09164810180664,-7.442713007581229,41.626009211194514
2024-08-20,127.04061126708984,17.091754913330078,-7.442606196057792,41.62611602271795
2024-08-21,128.28855895996094,17.091753005981445,-7.442608103406425,41.62611411536932
2024-08-22,123.53639221191406,17.09175682067871,-7.442604288709159,41.626117930066584
2024-08-23,129.15711975097656,17.091747283935547,-7.442613825452323,41.62610839332342
2024-08-26,126.2519073486328,17.091825485229492,-7.442535624158378,41.626186594617366
2024-08-27,128.08889770507812,17.091793060302734,-7.442568049085136,41.62615416969061
2024-08-28,125.4033203125,17.091808319091797,-7.442552790296073,41.62616942847967
2024-08-29,117.39649963378906,17.09177589416504,-7.442585215222831,41.62613700355291
2024-08-30,119.17357635498048,17.09168243408203,-7.442678675305839,41.626043543469905
2024-09-03,107.82229614257812,17.09170150756836,-7.442659601819511,41.62606261695623
2024-09-04,106.03524017333984,17.091567993164062,-7.4427931162238075,41.625929102551936
2024-09-05,107.03359985351562,17.09149169921875,-7.44286941016912,41.62585280860662
2024-09-06,102.66080474853516,17.09147071838379,-7.442890391004081,41.62583182777166
2024-09-09,106.2947998046875,17.091428756713867,-7.442932352674003,41.62578986610174
2024-09-10,107.922119140625,17.0914249420166,-7.442936167371268,41.625786051404475
2024-09-11,116.7176284790039,17.09140968322754,-7.442951426160331,41.62577079261541
2024-09-12,118.95413208007812,17.091550827026367,-7.442810282361503,41.62591193641424
2024-09-13,118.91419219970705,17.0915584564209,-7.4428026529669715,41.62591956580877
2024-09-16,116.59781646728516,17.091596603393555,-7.442764505994315,41.62595771278143
2024-09-17,115.40967559814452,17.091615676879883,-7.442745432507987,41.625976786267756
2024-09-18,113.19313049316406,17.091590881347656,-7.442770228040214,41.62595199073553
2024-09-19,117.68611907958984,17.091524124145508,-7.442836985242362,41.62588523353338
2024-09-20,115.81903839111328,17.091583251953125,-7.442777857434745,41.625944361341
2024-09-23,116.07861328125,17.09159278869629,-7.442768320691581,41.62595389808416
2024-09-24,120.6814422607422,17.09158706665039,-7.442774042737479,41.625948176038264
2024-09-25,123.31731414794922,17.09163475036621,-7.442726359021659,41.625995859754084
2024-09-26,123.8464813232422,17.0916805267334,-7.4426805826544715,41.62604163612127
2024-09-27,121.21060943603516,17.09170913696289,-7.442651972424979,41.626070246350764
2024-09-30,121.25054931640624,17.091716766357422,-7.442644343030448,41.626077875745295
2024-10-01,116.81746673583984,17.09171485900879,-7.442646250379081,41.62607596839666
2024-10-02,118.66458129882812,17.09164047241211,-7.442720636975761,41.62600158179998
2024-10-03,122.6583480834961,17.09161376953125,-7.44274733985662,41.62597487891912
